{"stats":{"minecraft:mined":{"minecraft:crafting_table":2,"minecraft:short_grass":11,"minecraft:oak_log":4,"minecraft:grass_block":4,"minecraft:coal_ore":16,"minecraft:sunflower":2,"minecraft:tall_grass":29,"minecraft:stone":16,"minecraft:sugar_cane":2,"minecraft:oak_leaves":1},"minecraft:killed":{"minecraft:sheep":1,"minecraft:pig":5,"minecraft:chicken":3,"minecraft:cow":2},"minecraft:crafted":{"minecraft:oak_planks":12,"minecraft:crafting_table":1,"minecraft:stick":8,"minecraft:wooden_pickaxe":1,"minecraft:stone_pickaxe":1,"minecraft:stone_axe":1},"minecraft:used":{"minecraft:wooden_pickaxe":32,"minecraft:stone_axe":16,"minecraft:dirt":22,"minecraft:crafting_table":3,"minecraft:oak_sapling":1,"minecraft:porkchop":1},"minecraft:custom":{"minecraft:time_since_rest":13104,"minecraft:sprint_one_cm":36158,"minecraft:damage_taken":90,"minecraft:walk_one_cm":33829,"minecraft:mob_kills":11,"minecraft:damage_dealt":1088,"minecraft:interact_with_crafting_table":30,"minecraft:fly_one_cm":78741,"minecraft:player_kills":1,"minecraft:crouch_one_cm":1796,"minecraft:play_time":13104,"minecraft:sneak_time":1041,"minecraft:jump":387,"minecraft:leave_game":2,"minecraft:walk_on_water_one_cm":1499,"minecraft:time_since_death":13104,"minecraft:total_world_time":13104,"minecraft:fall_one_cm":14278},"minecraft:picked_up":{"minecraft:crafting_table":2,"minecraft:feather":1,"minecraft:chicken":3,"minecraft:leather":3,"minecraft:porkchop":13,"minecraft:oak_log":4,"minecraft:dirt":22,"minecraft:wheat_seeds":6,"minecraft:beef":2,"minecraft:light_gray_wool":1,"minecraft:oak_sapling":2,"minecraft:sugar_cane":6,"minecraft:mutton":1,"minecraft:coal":16,"minecraft:cobblestone":16,"minecraft:sunflower":2}},"DataVersion":3953}