{"stats":{"minecraft:mined":{"minecraft:short_grass":8,"minecraft:oak_log":12,"minecraft:oak_leaves":3,"minecraft:crafting_table":1},"minecraft:killed":{"minecraft:pig":1,"minecraft:chicken":4,"minecraft:cow":2},"minecraft:crafted":{"minecraft:oak_planks":48,"minecraft:crafting_table":1,"minecraft:stick":12,"minecraft:wooden_pickaxe":1,"minecraft:wooden_axe":1},"minecraft:used":{"minecraft:wooden_axe":25,"minecraft:beef":6,"minecraft:crafting_table":1},"minecraft:custom":{"minecraft:time_since_rest":6619,"minecraft:play_time":6619,"minecraft:sprint_one_cm":30666,"minecraft:damage_taken":40,"minecraft:walk_one_cm":6902,"minecraft:sneak_time":1,"minecraft:mob_kills":7,"minecraft:jump":327,"minecraft:damage_dealt":445,"minecraft:leave_game":2,"minecraft:time_since_death":6619,"minecraft:total_world_time":6619,"minecraft:interact_with_crafting_table":1,"minecraft:fall_one_cm":10050,"minecraft:fly_one_cm":76509},"minecraft:picked_up":{"minecraft:crafting_table":1,"minecraft:feather":2,"minecraft:chicken":4,"minecraft:leather":3,"minecraft:beef":6,"minecraft:porkchop":3,"minecraft:oak_log":12,"minecraft:egg":4}},"DataVersion":3953}