{"stats":{"minecraft:mined":{"minecraft:oak_log":2,"minecraft:short_grass":10,"minecraft:tall_grass":2},"minecraft:killed_by":{"minecraft:player":1},"minecraft:custom":{"minecraft:jump":32,"minecraft:time_since_rest":3987,"minecraft:sprint_one_cm":1889,"minecraft:crouch_one_cm":474,"minecraft:walk_one_cm":400,"minecraft:leave_game":2,"minecraft:play_time":5472,"minecraft:damage_taken":285,"minecraft:time_since_death":1153,"minecraft:deaths":1,"minecraft:sneak_time":195,"minecraft:total_world_time":5472,"minecraft:fall_one_cm":1618,"minecraft:fly_one_cm":7037},"minecraft:picked_up":{"minecraft:oak_log":2}},"DataVersion":3953}