{"stats":{"minecraft:dropped":{"minecraft:wheat_seeds":4},"minecraft:mined":{"minecraft:white_bed":1,"minecraft:furnace":1,"minecraft:dandelion":1,"minecraft:crafting_table":3,"minecraft:short_grass":17,"minecraft:coal_ore":3,"minecraft:grass_block":2,"minecraft:oak_log":11,"minecraft:gravel":1,"minecraft:dirt":1,"minecraft:tall_grass":8,"minecraft:stone":22},"minecraft:killed":{"minecraft:sheep":2,"minecraft:pig":9,"minecraft:cow":3},"minecraft:crafted":{"minecraft:oak_planks":44,"minecraft:cooked_porkchop":8,"minecraft:crafting_table":1,"minecraft:stick":8,"minecraft:wooden_pickaxe":1,"minecraft:stone_pickaxe":1,"minecraft:wooden_axe":1,"minecraft:furnace":1,"minecraft:white_bed":1,"minecraft:stone_axe":1},"minecraft:used":{"minecraft:wooden_axe":4,"minecraft:black_wool":1,"minecraft:wooden_pickaxe":26,"minecraft:gravel":1,"minecraft:dirt":3,"minecraft:mutton":7,"minecraft:beef":3,"minecraft:crafting_table":3,"minecraft:furnace":2,"minecraft:porkchop":1,"minecraft:white_bed":1,"minecraft:egg":1},"minecraft:custom":{"minecraft:time_since_rest":2051,"minecraft:interact_with_furnace":11,"minecraft:sprint_one_cm":29973,"minecraft:damage_taken":330,"minecraft:walk_one_cm":34914,"minecraft:mob_kills":14,"minecraft:drop":4,"minecraft:damage_dealt":1370,"minecraft:interact_with_crafting_table":5,"minecraft:fly_one_cm":57530,"minecraft:crouch_one_cm":4,"minecraft:play_time":14066,"minecraft:sneak_time":10,"minecraft:jump":472,"minecraft:leave_game":1,"minecraft:walk_on_water_one_cm":223,"minecraft:time_since_death":14066,"minecraft:sleep_in_bed":2,"minecraft:total_world_time":14066,"minecraft:fall_one_cm":14769},"minecraft:picked_up":{"minecraft:crafting_table":3,"minecraft:gravel":1,"minecraft:porkchop":25,"minecraft:oak_log":11,"minecraft:white_bed":1,"minecraft:dirt":3,"minecraft:wheat_seeds":4,"minecraft:beef":6,"minecraft:black_wool":1,"minecraft:mutton":7,"minecraft:coal":3,"minecraft:furnace":1,"minecraft:white_wool":3,"minecraft:cobblestone":22,"minecraft:egg":1}},"DataVersion":3953}