{"stats":{"minecraft:mined":{"minecraft:short_grass":10,"minecraft:grass_block":2,"minecraft:oak_log":5,"minecraft:sunflower":3,"minecraft:dirt":1,"minecraft:tall_grass":41,"minecraft:oak_leaves":39},"minecraft:custom":{"minecraft:time_since_rest":5322,"minecraft:deaths":1,"minecraft:crouch_one_cm":411,"minecraft:play_time":13958,"minecraft:sprint_one_cm":26800,"minecraft:damage_taken":230,"minecraft:walk_one_cm":26769,"minecraft:sneak_time":481,"minecraft:mob_kills":1,"minecraft:jump":446,"minecraft:damage_dealt":190,"minecraft:leave_game":1,"minecraft:time_since_death":5299,"minecraft:total_world_time":13958,"minecraft:fall_one_cm":13913,"minecraft:fly_one_cm":85390},"minecraft:picked_up":{"minecraft:bone":2,"minecraft:arrow":2,"minecraft:wheat_seeds":4,"minecraft:oak_log":5,"minecraft:oak_sapling":1,"minecraft:dirt":3,"minecraft:sunflower":2},"minecraft:used":{"minecraft:dirt":3,"minecraft:sunflower":2,"minecraft:oak_sapling":1}},"DataVersion":3953}