{
  "minecraft:recipes/food/cake": {
    "criteria": {
      "has_egg": "2024-06-27 16:11:21 +0000"
    },
    "done": true
  },
  "minecraft:recipes/decorations/crafting_table": {
    "criteria": {
      "unlock_right_away": "2024-06-27 16:11:14 +0000"
    },
    "done": true
  },
  "minecraft:adventure/adventuring_time": {
    "criteria": {
      "minecraft:cherry_grove": "2024-06-27 16:11:37 +0000",
      "minecraft:sunflower_plains": "2024-06-27 16:11:15 +0000"
    },
    "done": false
  },
  "DataVersion": 3953
}